,operator,inout_travelling,network_type,rating,calldrop_category,latitude,longitude,state_name
0,BSNL,Indoor,3G,3,Satisfactory,,,Not Available
1,BSNL,Indoor,2G,3,Poor Voice Quality,,,Not Available
2,BSNL,Indoor,2G,3,Satisfactory,,,Not Available
3,BSNL,Indoor,3G,3,Satisfactory,,,Not Available
4,RJio,Outdoor,4G,4,Satisfactory,18.5197822,73.8561897,Maharashtra
5,RJio,Outdoor,4G,4,Satisfactory,18.5197822,73.8561897,Maharashtra
6,RJio,Outdoor,4G,4,Satisfactory,18.5197514,73.8561817,Maharashtra
7,RJio,Indoor,4G,4,Satisfactory,18.5197899,73.8562155,Maharashtra
8,RJio,Outdoor,4G,4,Satisfactory,18.5197799,73.8562287,Maharashtra
9,RJio,Indoor,4G,4,Satisfactory,18.5197456,73.8561782,Maharashtra
10,RJio,Indoor,4G,4,Satisfactory,18.5197456,73.8561782,Maharashtra
11,BSNL,Outdoor,3G,1,Call Dropped,20.507,79.32958,Maharashtra
12,RJio,Outdoor,4G,5,Satisfactory,20.71860948,77.00966807,Maharashtra
13,RJio,Outdoor,4G,4,Satisfactory,20.71860948,77.00966807,Maharashtra
14,RJio,Outdoor,4G,3,Satisfactory,20.71860948,77.00966807,Maharashtra
15,VI,Indoor,4G,3,Satisfactory,,,Not Available
16,Airtel,Indoor,4G,1,Call Dropped,,,Not Available
17,Airtel,Indoor,4G,1,Call Dropped,,,Not Available
18,VI,Indoor,4G,1,Poor Voice Quality,,,Not Available
19,VI,Indoor,4G,1,Poor Voice Quality,,,Not Available
20,VI,Indoor,4G,1,Poor Voice Quality,,,Not Available
21,VI,Indoor,4G,1,Poor Voice Quality,,,Not Available
22,VI,Indoor,4G,1,Poor Voice Quality,,,Not Available
23,VI,Indoor,4G,1,Poor Voice Quality,,,Not Available
24,VI,Indoor,4G,1,Poor Voice Quality,,,Not Available
25,VI,Indoor,4G,1,Call Dropped,,,Not Available
26,VI,Indoor,4G,2,Poor Voice Quality,,,Not Available
27,VI,Indoor,4G,1,Call Dropped,,,Not Available
28,Airtel,Indoor,4G,1,Call Dropped,,,Not Available
29,RJio,Indoor,4G,1,Call Dropped,,,Not Available
30,VI,Indoor,Unknown,4,Satisfactory,21.12309919,79.06786285,Maharashtra
31,VI,Indoor,4G,5,Satisfactory,23.34975457,85.31848706,Jharkhand
32,VI,Indoor,4G,5,Satisfactory,21.12309919,79.06786285,Maharashtra
33,VI,Indoor,Unknown,1,Poor Voice Quality,,,Not Available
34,Airtel,Travelling,4G,5,Satisfactory,,,Not Available
35,RJio,Outdoor,Unknown,3,Poor Voice Quality,,,Not Available
36,VI,Indoor,Unknown,3,Satisfactory,,,Not Available
37,VI,Indoor,Unknown,5,Satisfactory,,,Not Available
38,RJio,Outdoor,Unknown,5,Satisfactory,,,Not Available
39,RJio,Outdoor,Unknown,5,Satisfactory,,,Not Available
40,RJio,Outdoor,Unknown,5,Satisfactory,,,Not Available
41,RJio,Outdoor,Unknown,5,Satisfactory,,,Not Available
42,RJio,Outdoor,Unknown,4,Satisfactory,,,Not Available
43,Airtel,Travelling,4G,5,Satisfactory,,,Not Available
44,RJio,Outdoor,Unknown,5,Satisfactory,,,Not Available
45,RJio,Outdoor,Unknown,5,Satisfactory,,,Not Available
46,RJio,Outdoor,Unknown,5,Satisfactory,,,Not Available
47,Airtel,Travelling,4G,5,Satisfactory,,,Not Available
48,Airtel,Outdoor,4G,1,Call Dropped,,,Not Available
49,Airtel,Outdoor,4G,1,Call Dropped,,,Not Available
50,RJio,Outdoor,4G,3,Satisfactory,,,Not Available
51,RJio,Outdoor,4G,4,Satisfactory,18.5194326,73.8563018,Maharashtra
52,RJio,Outdoor,4G,4,Satisfactory,18.5160206,73.8593624,Maharashtra
53,RJio,Outdoor,Unknown,4,Satisfactory,18.5197552,73.8561769,Maharashtra
54,RJio,Outdoor,4G,4,Satisfactory,18.5197403,73.8561878,Maharashtra
55,VI,Outdoor,4G,5,Satisfactory,19.0999495,82.03936396,Chhattisgarh
56,RJio,Indoor,4G,5,Satisfactory,18.49728804,73.79634597,Maharashtra
57,BSNL,Outdoor,Unknown,1,Poor Voice Quality,,,Not Available
58,BSNL,Outdoor,Unknown,1,Poor Voice Quality,,,Not Available
59,BSNL,Outdoor,Unknown,1,Poor Voice Quality,,,Not Available
60,BSNL,Outdoor,Unknown,1,Poor Voice Quality,,,Not Available
61,RJio,Indoor,4G,4,Satisfactory,,,Not Available
62,VI,Indoor,4G,1,Poor Voice Quality,,,Not Available
63,VI,Outdoor,4G,1,Poor Voice Quality,,,Not Available
64,VI,Indoor,4G,1,Poor Voice Quality,,,Not Available
65,VI,Indoor,2G,1,Poor Voice Quality,,,Not Available
66,VI,Indoor,2G,2,Poor Voice Quality,,,Not Available
67,VI,Outdoor,4G,1,Call Dropped,,,Not Available
68,VI,Indoor,4G,1,Poor Voice Quality,,,Not Available
69,VI,Indoor,4G,1,Poor Voice Quality,,,Not Available
70,VI,Outdoor,4G,1,Poor Voice Quality,,,Not Available
71,BSNL,Indoor,3G,1,Call Dropped,22.6554593,88.359541,West Bengal
72,RJio,Outdoor,4G,5,Satisfactory,,,Not Available
73,VI,Travelling,Unknown,4,Satisfactory,,,Not Available
74,VI,Outdoor,4G,1,Call Dropped,,,Not Available
75,RJio,Indoor,4G,4,Satisfactory,20.7185164,77.0099993,Maharashtra
76,Airtel,Travelling,4G,5,Satisfactory,,,Not Available
77,VI,Indoor,4G,5,Satisfactory,23.1638316,77.44554025,Madhya Pradesh
78,VI,Indoor,4G,5,Satisfactory,23.1638316,77.44554025,Madhya Pradesh
79,VI,Indoor,4G,4,Satisfactory,21.12309966,79.06788507,Maharashtra
80,RJio,Outdoor,4G,4,Satisfactory,20.71857572,77.00999552,Maharashtra
81,RJio,Outdoor,4G,4,Satisfactory,20.71857572,77.00999552,Maharashtra
82,VI,Indoor,Unknown,4,Satisfactory,21.12309966,79.06788507,Maharashtra
83,RJio,Indoor,4G,4,Satisfactory,18.5197442,73.8561735,Maharashtra
84,Airtel,Indoor,Unknown,4,Satisfactory,13.936822,75.5480519,Karnataka
85,RJio,Indoor,4G,1,Poor Voice Quality,,,Not Available
86,RJio,Indoor,4G,1,Poor Voice Quality,,,Not Available
87,RJio,Indoor,4G,3,Poor Voice Quality,,,Not Available
88,RJio,Indoor,4G,5,Satisfactory,20.71857572,77.00999552,Maharashtra
89,VI,Indoor,4G,1,Call Dropped,,,Not Available
90,VI,Indoor,Unknown,4,Satisfactory,21.12309966,79.06788507,Maharashtra
91,VI,Indoor,Unknown,4,Satisfactory,21.12309966,79.06788507,Maharashtra
92,VI,Indoor,Unknown,4,Satisfactory,21.12309966,79.06788507,Maharashtra
93,VI,Outdoor,4G,1,Poor Voice Quality,,,Not Available
94,VI,Indoor,Unknown,4,Satisfactory,21.12309966,79.06788507,Maharashtra
95,VI,Indoor,2G,5,Satisfactory,,,Not Available
96,VI,Indoor,2G,5,Satisfactory,,,Not Available
97,VI,Indoor,2G,5,Satisfactory,,,Not Available
98,VI,Indoor,2G,5,Satisfactory,,,Not Available
99,VI,Indoor,2G,5,Satisfactory,,,Not Available
100,VI,Indoor,2G,5,Satisfactory,,,Not Available
101,VI,Indoor,2G,5,Satisfactory,,,Not Available
102,VI,Indoor,2G,5,Satisfactory,,,Not Available
103,VI,Indoor,2G,5,Satisfactory,,,Not Available
104,VI,Indoor,2G,5,Satisfactory,,,Not Available
105,VI,Indoor,2G,5,Satisfactory,,,Not Available
106,VI,Indoor,2G,5,Satisfactory,,,Not Available
107,VI,Indoor,2G,5,Satisfactory,,,Not Available
108,VI,Indoor,2G,5,Satisfactory,,,Not Available
109,VI,Indoor,2G,5,Satisfactory,,,Not Available
110,VI,Indoor,2G,5,Satisfactory,,,Not Available
111,VI,Indoor,2G,5,Satisfactory,,,Not Available
112,VI,Indoor,2G,5,Satisfactory,,,Not Available
113,VI,Indoor,2G,5,Satisfactory,,,Not Available
114,VI,Indoor,2G,5,Satisfactory,,,Not Available
115,VI,Indoor,2G,5,Satisfactory,,,Not Available
116,VI,Indoor,2G,5,Satisfactory,,,Not Available
117,VI,Indoor,2G,5,Satisfactory,,,Not Available
118,VI,Indoor,2G,5,Satisfactory,,,Not Available
119,VI,Indoor,2G,5,Satisfactory,,,Not Available
120,VI,Indoor,2G,5,Satisfactory,,,Not Available
121,VI,Indoor,2G,5,Satisfactory,,,Not Available
122,VI,Indoor,2G,5,Satisfactory,,,Not Available
123,VI,Indoor,2G,5,Satisfactory,,,Not Available
124,VI,Indoor,2G,5,Satisfactory,,,Not Available
125,VI,Indoor,2G,5,Satisfactory,,,Not Available
126,VI,Indoor,2G,5,Satisfactory,,,Not Available
127,VI,Indoor,2G,5,Satisfactory,,,Not Available
128,VI,Indoor,2G,5,Satisfactory,,,Not Available
129,VI,Indoor,2G,5,Satisfactory,,,Not Available
130,VI,Indoor,2G,5,Satisfactory,,,Not Available
131,VI,Indoor,4G,5,Satisfactory,,,Not Available
132,VI,Indoor,4G,5,Satisfactory,,,Not Available
133,VI,Indoor,4G,5,Satisfactory,,,Not Available
134,VI,Indoor,4G,5,Satisfactory,,,Not Available
135,VI,Indoor,4G,5,Satisfactory,,,Not Available
136,VI,Indoor,4G,5,Satisfactory,,,Not Available
137,VI,Outdoor,4G,5,Satisfactory,,,Not Available
138,VI,Outdoor,4G,5,Satisfactory,,,Not Available
139,VI,Indoor,4G,5,Satisfactory,,,Not Available
140,VI,Outdoor,4G,5,Satisfactory,,,Not Available
141,VI,Indoor,4G,5,Satisfactory,,,Not Available
142,VI,Indoor,4G,5,Satisfactory,,,Not Available
143,BSNL,Indoor,2G,2,Poor Voice Quality,29.3937171,79.4399473,Uttarakhand
144,VI,Indoor,2G,1,Poor Voice Quality,,,Not Available
145,VI,Indoor,4G,1,Poor Voice Quality,,,Not Available
146,VI,Outdoor,4G,1,Poor Voice Quality,,,Not Available
147,VI,Indoor,4G,1,Poor Voice Quality,,,Not Available
148,VI,Outdoor,4G,1,Poor Voice Quality,,,Not Available
149,VI,Indoor,4G,5,Satisfactory,,,Not Available
150,RJio,Outdoor,4G,3,Satisfactory,,,Not Available
151,Airtel,Outdoor,4G,1,Call Dropped,18.8073949,73.332025,Maharashtra
152,RJio,Outdoor,Unknown,1,Call Dropped,,,Not Available
153,RJio,Indoor,4G,4,Satisfactory,,,Not Available
154,RJio,Indoor,4G,1,Call Dropped,,,Not Available
155,RJio,Outdoor,4G,5,Satisfactory,,,Not Available
156,VI,Indoor,4G,5,Satisfactory,23.34959195,85.31862243,Jharkhand
157,RJio,Outdoor,4G,3,Satisfactory,21.98110667,73.53923,Gujarat
158,Airtel,Indoor,4G,5,Satisfactory,,,Not Available
159,VI,Outdoor,4G,1,Poor Voice Quality,,,Not Available
160,VI,Indoor,4G,1,Poor Voice Quality,,,Not Available
161,VI,Outdoor,4G,1,Poor Voice Quality,,,Not Available
162,VI,Indoor,4G,1,Poor Voice Quality,,,Not Available
163,BSNL,Indoor,Unknown,3,Satisfactory,10.8231658,75.93883294,Kerala
164,Airtel,Indoor,Unknown,1,Poor Voice Quality,,,Not Available
165,Airtel,Indoor,Unknown,1,Poor Voice Quality,,,Not Available
166,Airtel,Indoor,Unknown,1,Poor Voice Quality,,,Not Available
167,BSNL,Travelling,Unknown,1,Poor Voice Quality,,,Not Available
168,VI,Indoor,4G,5,Satisfactory,23.34959195,85.31862243,Jharkhand
169,VI,Indoor,4G,5,Satisfactory,23.34959195,85.31862243,Jharkhand
170,VI,Indoor,4G,5,Satisfactory,23.34975457,85.31848706,Jharkhand
171,VI,Indoor,4G,5,Satisfactory,23.34975457,85.31848706,Jharkhand
172,VI,Indoor,4G,5,Satisfactory,23.3501427,85.320204,Jharkhand
173,VI,Indoor,4G,5,Satisfactory,23.3501427,85.320204,Jharkhand
174,VI,Indoor,4G,5,Satisfactory,23.34975457,85.31848706,Jharkhand
175,VI,Indoor,4G,5,Satisfactory,23.34975457,85.31848706,Jharkhand
176,Airtel,Outdoor,4G,1,Call Dropped,18.79066167,73.356815,Maharashtra
177,RJio,Indoor,4G,4,Satisfactory,18.5198433,73.856135,Maharashtra
178,RJio,Outdoor,4G,4,Satisfactory,18.5197415,73.8561781,Maharashtra
179,RJio,Outdoor,4G,4,Satisfactory,,,Not Available
180,VI,Travelling,Unknown,4,Satisfactory,,,Not Available
181,RJio,Outdoor,4G,5,Satisfactory,,,Not Available
182,Airtel,Indoor,4G,4,Satisfactory,,,Not Available
183,Airtel,Indoor,Unknown,3,Poor Voice Quality,18.44273315,73.84763632,Maharashtra
184,Airtel,Indoor,Unknown,1,Poor Voice Quality,18.44273315,73.84763632,Maharashtra
185,Airtel,Indoor,4G,2,Poor Voice Quality,18.44273315,73.84763632,Maharashtra
186,VI,Indoor,Unknown,4,Satisfactory,21.11599994,79.06906076,Maharashtra
187,Airtel,Indoor,4G,4,Satisfactory,13.93002668,75.59076511,Karnataka
188,Airtel,Indoor,Unknown,1,Poor Voice Quality,,,Not Available
189,Airtel,Indoor,Unknown,2,Poor Voice Quality,,,Not Available
190,RJio,Outdoor,Unknown,3,Poor Voice Quality,18.5197455,73.8562562,Maharashtra
191,RJio,Indoor,4G,4,Satisfactory,18.5197455,73.8561755,Maharashtra
192,VI,Indoor,4G,1,Call Dropped,,,Not Available
193,RJio,Indoor,4G,1,Poor Voice Quality,,,Not Available
194,BSNL,Outdoor,Unknown,1,Call Dropped,10.8231658,75.93883294,Kerala
195,BSNL,Outdoor,Unknown,1,Call Dropped,10.8231658,75.93883294,Kerala
196,RJio,Indoor,4G,5,Satisfactory,,,Not Available
197,RJio,Outdoor,Unknown,4,Satisfactory,18.4973422,73.8591731,Maharashtra
198,RJio,Indoor,4G,1,Poor Voice Quality,,,Not Available
199,RJio,Indoor,4G,1,Poor Voice Quality,,,Not Available
200,RJio,Indoor,4G,1,Poor Voice Quality,,,Not Available
201,RJio,Outdoor,4G,1,Poor Voice Quality,,,Not Available
202,RJio,Outdoor,4G,1,Poor Voice Quality,,,Not Available
203,RJio,Outdoor,4G,1,Poor Voice Quality,,,Not Available
204,RJio,Outdoor,4G,1,Poor Voice Quality,,,Not Available
205,RJio,Indoor,4G,1,Call Dropped,,,Not Available
206,RJio,Indoor,4G,1,Call Dropped,,,Not Available
207,RJio,Indoor,4G,1,Call Dropped,,,Not Available
208,VI,Travelling,Unknown,2,Poor Voice Quality,,,Not Available
209,RJio,Indoor,4G,5,Satisfactory,12.33059714,76.64564735,Karnataka
210,RJio,Indoor,4G,5,Satisfactory,,,Not Available
211,RJio,Travelling,4G,5,Satisfactory,,,Not Available
212,VI,Indoor,Unknown,4,Satisfactory,21.12302755,79.06792825,Maharashtra
213,RJio,Indoor,4G,5,Satisfactory,,,Not Available
214,RJio,Indoor,4G,5,Satisfactory,,,Not Available
215,RJio,Indoor,4G,5,Satisfactory,,,Not Available
216,RJio,Outdoor,4G,3,Satisfactory,21.9447515,73.5942618,Gujarat
217,RJio,Outdoor,4G,3,Satisfactory,,,Not Available
218,RJio,Indoor,4G,5,Satisfactory,,,Not Available
219,RJio,Indoor,4G,2,Poor Voice Quality,,,Not Available
220,RJio,Indoor,4G,1,Call Dropped,28.5952184,77.0243876,Delhi
221,RJio,Indoor,4G,1,Call Dropped,,,Not Available
222,RJio,Outdoor,4G,1,Poor Voice Quality,,,Not Available
223,VI,Indoor,4G,5,Satisfactory,23.34983949,85.31863713,Jharkhand
224,RJio,Indoor,4G,1,Call Dropped,,,Not Available
225,VI,Indoor,4G,2,Poor Voice Quality,,,Not Available
226,RJio,Indoor,4G,1,Call Dropped,,,Not Available
227,VI,Indoor,Unknown,3,Satisfactory,18.95506585,72.80139493,Maharashtra
228,VI,Outdoor,Unknown,3,Satisfactory,18.95399079,72.80216574,Maharashtra
229,VI,Travelling,4G,2,Poor Voice Quality,,,Not Available
230,VI,Outdoor,4G,1,Call Dropped,28.62784278,77.05939371,Delhi
231,RJio,Outdoor,4G,3,Satisfactory,,,Not Available
232,RJio,Outdoor,4G,3,Satisfactory,,,Not Available
233,RJio,Outdoor,4G,3,Satisfactory,,,Not Available
234,RJio,Outdoor,4G,3,Satisfactory,,,Not Available
235,Airtel,Indoor,4G,2,Poor Voice Quality,18.44208851,73.84835771,Maharashtra
236,VI,Indoor,4G,5,Satisfactory,23.16373605,77.44599505,Madhya Pradesh
237,VI,Indoor,4G,5,Satisfactory,23.16373605,77.44599505,Madhya Pradesh
238,VI,Indoor,4G,1,Poor Voice Quality,,,Not Available
239,VI,Indoor,4G,1,Poor Voice Quality,,,Not Available
240,VI,Indoor,4G,1,Poor Voice Quality,,,Not Available
241,VI,Indoor,4G,1,Poor Voice Quality,,,Not Available
242,VI,Indoor,4G,5,Satisfactory,23.16373605,77.44599505,Madhya Pradesh
243,VI,Indoor,4G,5,Satisfactory,23.16373605,77.44599505,Madhya Pradesh
244,VI,Indoor,4G,5,Satisfactory,23.16373605,77.44599505,Madhya Pradesh
245,VI,Indoor,4G,5,Satisfactory,23.16373605,77.44599505,Madhya Pradesh
246,VI,Indoor,4G,5,Satisfactory,23.16373605,77.44599505,Madhya Pradesh
247,RJio,Outdoor,4G,3,Satisfactory,,,Not Available
248,VI,Indoor,4G,5,Satisfactory,23.16373605,77.44599505,Madhya Pradesh
249,VI,Indoor,4G,5,Satisfactory,23.16373605,77.44599505,Madhya Pradesh
250,VI,Indoor,4G,5,Satisfactory,23.16373605,77.44599505,Madhya Pradesh
251,VI,Indoor,4G,1,Poor Voice Quality,,,Not Available
252,Airtel,Indoor,Unknown,4,Satisfactory,13.9366274,75.54814289,Karnataka
253,BSNL,Indoor,3G,3,Satisfactory,,,Not Available
254,BSNL,Indoor,3G,3,Satisfactory,,,Not Available
255,VI,Indoor,4G,4,Satisfactory,21.13370266,79.06853892,Maharashtra
256,BSNL,Indoor,3G,1,Poor Voice Quality,,,Not Available
257,BSNL,Indoor,3G,3,Satisfactory,,,Not Available
258,VI,Indoor,4G,5,Satisfactory,21.12318469,79.0679315,Maharashtra
259,VI,Indoor,4G,5,Satisfactory,21.12318469,79.0679315,Maharashtra
260,VI,Indoor,4G,4,Satisfactory,21.12318469,79.0679315,Maharashtra
261,Airtel,Indoor,Unknown,4,Satisfactory,13.93698458,75.54796111,Karnataka
262,BSNL,Indoor,3G,3,Satisfactory,,,Not Available
263,Airtel,Indoor,4G,4,Satisfactory,13.93698458,75.54796111,Karnataka
264,BSNL,Indoor,3G,3,Satisfactory,,,Not Available
265,RJio,Indoor,4G,5,Satisfactory,18.4881918,73.78783,Maharashtra
266,VI,Indoor,4G,5,Satisfactory,21.12318469,79.0679315,Maharashtra
267,VI,Indoor,4G,4,Satisfactory,21.12318469,79.0679315,Maharashtra
268,VI,Indoor,4G,4,Satisfactory,21.12318469,79.0679315,Maharashtra
269,VI,Indoor,4G,4,Satisfactory,21.12318469,79.0679315,Maharashtra
270,VI,Indoor,4G,4,Satisfactory,21.12318469,79.0679315,Maharashtra
271,RJio,Indoor,4G,4,Satisfactory,,,Not Available
272,VI,Indoor,4G,4,Satisfactory,21.12318469,79.0679315,Maharashtra
273,RJio,Outdoor,4G,1,Poor Voice Quality,,,Not Available
274,VI,Indoor,4G,4,Satisfactory,21.12318469,79.0679315,Maharashtra
275,VI,Indoor,4G,5,Satisfactory,26.2384403,78.16560355,Madhya Pradesh
276,VI,Indoor,4G,5,Satisfactory,26.2384403,78.16560355,Madhya Pradesh
277,VI,Indoor,4G,5,Satisfactory,26.2384403,78.16560355,Madhya Pradesh
278,VI,Indoor,4G,5,Satisfactory,26.2384403,78.16560355,Madhya Pradesh
279,VI,Indoor,4G,5,Satisfactory,26.23834521,78.16560291,Madhya Pradesh
280,Airtel,Indoor,4G,5,Satisfactory,26.23834521,78.16560291,Madhya Pradesh
281,Airtel,Indoor,4G,5,Satisfactory,26.23834521,78.16560291,Madhya Pradesh
282,Airtel,Indoor,4G,5,Satisfactory,26.23834521,78.16560291,Madhya Pradesh
283,Airtel,Indoor,4G,5,Satisfactory,26.23834521,78.16560291,Madhya Pradesh
284,VI,Indoor,4G,5,Satisfactory,26.23661405,78.16719283,Madhya Pradesh
285,VI,Indoor,4G,5,Satisfactory,26.23840853,78.16561478,Madhya Pradesh
286,VI,Indoor,4G,5,Satisfactory,26.23840853,78.16561478,Madhya Pradesh
287,Airtel,Indoor,4G,5,Satisfactory,26.23840853,78.16561478,Madhya Pradesh
288,Airtel,Indoor,4G,5,Satisfactory,26.23840853,78.16561478,Madhya Pradesh
289,VI,Indoor,4G,5,Satisfactory,26.23840853,78.16561478,Madhya Pradesh
290,VI,Travelling,4G,1,Poor Voice Quality,,,Not Available
291,VI,Outdoor,4G,4,Satisfactory,21.12318469,79.0679315,Maharashtra
292,RJio,Indoor,Unknown,4,Satisfactory,,,Not Available
293,RJio,Indoor,Unknown,4,Satisfactory,,,Not Available
294,Airtel,Indoor,Unknown,4,Satisfactory,13.9368063,75.548054,Karnataka
295,VI,Indoor,4G,5,Satisfactory,23.18249621,77.43790668,Madhya Pradesh
296,VI,Indoor,4G,5,Satisfactory,23.18249621,77.43790668,Madhya Pradesh
297,VI,Indoor,4G,5,Satisfactory,23.18249621,77.43790668,Madhya Pradesh
298,VI,Indoor,4G,5,Satisfactory,23.18249621,77.43790668,Madhya Pradesh
299,VI,Indoor,4G,5,Satisfactory,23.18249621,77.43790668,Madhya Pradesh
300,VI,Indoor,4G,5,Satisfactory,23.18249621,77.43790668,Madhya Pradesh
301,VI,Indoor,4G,5,Satisfactory,23.16383252,77.44571468,Madhya Pradesh
302,VI,Indoor,4G,5,Satisfactory,23.16383252,77.44571468,Madhya Pradesh
303,VI,Indoor,4G,5,Satisfactory,23.16383252,77.44571468,Madhya Pradesh
304,VI,Indoor,4G,5,Satisfactory,23.16383252,77.44571468,Madhya Pradesh
305,VI,Indoor,4G,5,Satisfactory,23.16373605,77.44599505,Madhya Pradesh
306,VI,Indoor,4G,5,Satisfactory,23.16373605,77.44599505,Madhya Pradesh
307,VI,Indoor,4G,5,Satisfactory,23.16373605,77.44599505,Madhya Pradesh
308,VI,Indoor,4G,5,Satisfactory,23.16373605,77.44599505,Madhya Pradesh
309,VI,Indoor,4G,5,Satisfactory,23.16373605,77.44599505,Madhya Pradesh
310,RJio,Indoor,4G,1,Call Dropped,,,Not Available
311,BSNL,Indoor,2G,1,Poor Voice Quality,29.3930312,79.4411604,Uttarakhand
312,RJio,Outdoor,Unknown,4,Satisfactory,18.4973422,73.8591731,Maharashtra
313,RJio,Outdoor,Unknown,4,Satisfactory,18.5198405,73.8561796,Maharashtra
314,VI,Outdoor,4G,4,Satisfactory,18.5197356,73.8561845,Maharashtra
315,VI,Outdoor,Unknown,4,Satisfactory,18.5070029,73.8617652,Maharashtra
316,RJio,Indoor,4G,1,Call Dropped,,,Not Available
317,VI,Indoor,4G,1,Poor Voice Quality,28.62776723,77.05926078,Delhi
318,VI,Indoor,Unknown,1,Poor Voice Quality,,,Not Available
319,RJio,Outdoor,4G,3,Satisfactory,,,Not Available
320,RJio,Outdoor,4G,3,Satisfactory,,,Not Available
321,RJio,Indoor,4G,5,Satisfactory,,,Not Available
322,VI,Outdoor,3G,1,Poor Voice Quality,,,Not Available
323,VI,Indoor,4G,4,Satisfactory,21.12318469,79.0679315,Maharashtra
324,RJio,Travelling,4G,4,Satisfactory,,,Not Available
325,VI,Indoor,4G,1,Call Dropped,,,Not Available
326,VI,Indoor,4G,1,Poor Voice Quality,,,Not Available
327,VI,Indoor,4G,1,Poor Voice Quality,,,Not Available
328,VI,Indoor,4G,1,Poor Voice Quality,,,Not Available
329,RJio,Outdoor,4G,5,Satisfactory,,,Not Available
330,RJio,Outdoor,4G,3,Satisfactory,,,Not Available
331,Airtel,Indoor,Unknown,4,Satisfactory,13.93659042,75.54828321,Karnataka
332,RJio,Outdoor,4G,1,Poor Voice Quality,,,Not Available
333,RJio,Outdoor,4G,1,Poor Voice Quality,,,Not Available
334,RJio,Indoor,4G,1,Call Dropped,,,Not Available
335,BSNL,Indoor,3G,3,Call Dropped,,,Not Available
336,BSNL,Outdoor,3G,1,Call Dropped,,,Not Available
337,BSNL,Outdoor,3G,1,Call Dropped,,,Not Available
338,BSNL,Outdoor,3G,1,Call Dropped,,,Not Available
339,BSNL,Outdoor,3G,1,Call Dropped,,,Not Available
340,BSNL,Outdoor,3G,1,Poor Voice Quality,,,Not Available
341,BSNL,Outdoor,2G,1,Poor Voice Quality,,,Not Available
342,BSNL,Outdoor,3G,1,Poor Voice Quality,,,Not Available
343,BSNL,Outdoor,3G,1,Call Dropped,,,Not Available
344,BSNL,Outdoor,3G,1,Poor Voice Quality,,,Not Available
345,BSNL,Outdoor,3G,1,Poor Voice Quality,,,Not Available
346,BSNL,Outdoor,2G,1,Call Dropped,,,Not Available
347,Airtel,Indoor,Unknown,1,Poor Voice Quality,21.13733491,72.77761314,Gujarat
348,BSNL,Outdoor,3G,1,Call Dropped,,,Not Available
349,BSNL,Outdoor,3G,1,Call Dropped,,,Not Available
350,BSNL,Outdoor,2G,1,Call Dropped,,,Not Available
351,BSNL,Outdoor,3G,1,Call Dropped,,,Not Available
352,VI,Indoor,4G,4,Satisfactory,21.13474338,79.06878229,Maharashtra
353,VI,Indoor,4G,4,Satisfactory,21.13474338,79.06878229,Maharashtra
354,Airtel,Indoor,4G,4,Satisfactory,13.93664599,75.54821753,Karnataka
355,RJio,Indoor,4G,1,Poor Voice Quality,,,Not Available
356,RJio,Indoor,4G,1,Poor Voice Quality,,,Not Available
357,RJio,Indoor,4G,4,Satisfactory,,,Not Available
358,BSNL,Outdoor,3G,1,Poor Voice Quality,12.92527,77.61859833,Karnataka
359,Airtel,Indoor,Unknown,4,Satisfactory,,,Not Available
360,Airtel,Indoor,4G,3,Poor Voice Quality,,,Not Available
361,RJio,Outdoor,4G,3,Satisfactory,,,Not Available
362,BSNL,Indoor,3G,3,Satisfactory,,,Not Available
363,RJio,Outdoor,4G,3,Satisfactory,,,Not Available
364,RJio,Outdoor,4G,3,Satisfactory,,,Not Available
365,VI,Indoor,4G,4,Satisfactory,21.12307011,79.06782401,Maharashtra
366,VI,Indoor,4G,5,Satisfactory,28.449109,77.5697917,Uttar Pradesh
367,VI,Indoor,4G,5,Satisfactory,21.12307011,79.06782401,Maharashtra
368,VI,Indoor,4G,1,Call Dropped,,,Not Available
369,VI,Indoor,4G,1,Call Dropped,,,Not Available
370,BSNL,Outdoor,3G,4,Satisfactory,,,Not Available
371,RJio,Indoor,4G,1,Call Dropped,,,Not Available
372,RJio,Outdoor,Unknown,2,Poor Voice Quality,,,Not Available
373,RJio,Outdoor,4G,3,Satisfactory,,,Not Available
374,Airtel,Indoor,4G,5,Satisfactory,13.9366731,75.5481824,Karnataka
375,Airtel,Indoor,4G,4,Satisfactory,13.9366714,75.5481345,Karnataka
376,VI,Outdoor,4G,4,Satisfactory,18.5197913,73.856193,Maharashtra
377,VI,Indoor,4G,4,Satisfactory,18.5197841,73.8561956,Maharashtra
378,VI,Indoor,4G,4,Satisfactory,18.5197838,73.8561849,Maharashtra
379,VI,Indoor,4G,4,Satisfactory,18.5197492,73.8561743,Maharashtra
380,VI,Indoor,2G,5,Satisfactory,18.4789731,74.0266937,Maharashtra
381,VI,Indoor,4G,1,Poor Voice Quality,,,Not Available
382,RJio,Outdoor,4G,4,Satisfactory,28.6578176,77.2322741,Delhi
383,RJio,Outdoor,4G,1,Poor Voice Quality,28.6572421,77.2319266,Delhi
384,RJio,Indoor,4G,1,Poor Voice Quality,28.6659713,77.2610256,Delhi
385,Airtel,Indoor,4G,4,Satisfactory,10.30300351,76.22315361,Kerala
386,RJio,Outdoor,4G,5,Satisfactory,,,Not Available
387,RJio,Indoor,4G,1,Call Dropped,,,Not Available
388,VI,Travelling,4G,2,Poor Voice Quality,18.95507781,72.80138127,Maharashtra
389,Airtel,Indoor,Unknown,3,Call Dropped,,,Not Available
390,Airtel,Indoor,4G,1,Poor Voice Quality,,,Not Available
391,Airtel,Outdoor,4G,5,Satisfactory,,,Not Available
392,Airtel,Indoor,Unknown,2,Poor Voice Quality,,,Not Available
393,Airtel,Outdoor,Unknown,1,Poor Voice Quality,,,Not Available
394,Airtel,Outdoor,Unknown,1,Poor Voice Quality,,,Not Available
395,RJio,Indoor,4G,1,Call Dropped,28.5953245,77.0242244,Delhi
396,VI,Travelling,4G,1,Poor Voice Quality,21.12307011,79.06782401,Maharashtra
397,VI,Indoor,4G,5,Satisfactory,21.12307011,79.06782401,Maharashtra
398,VI,Indoor,4G,1,Call Dropped,21.12307011,79.06782401,Maharashtra
399,VI,Indoor,4G,1,Call Dropped,21.12307011,79.06782401,Maharashtra
400,VI,Indoor,Unknown,1,Call Dropped,21.12307011,79.06782401,Maharashtra
401,VI,Indoor,Unknown,1,Call Dropped,21.12307011,79.06782401,Maharashtra
402,Airtel,Indoor,4G,2,Poor Voice Quality,18.44208851,73.84835771,Maharashtra
403,Airtel,Indoor,Unknown,4,Satisfactory,13.93681515,75.54820505,Karnataka
404,Airtel,Indoor,4G,3,Satisfactory,21.14109932,72.76511836,Gujarat
405,RJio,Outdoor,4G,5,Satisfactory,,,Not Available
406,RJio,Outdoor,4G,5,Satisfactory,,,Not Available
407,RJio,Outdoor,4G,5,Satisfactory,,,Not Available
408,VI,Indoor,4G,1,Call Dropped,,,Not Available
409,Airtel,Indoor,Unknown,1,Poor Voice Quality,21.14109932,72.76511836,Gujarat
410,VI,Indoor,4G,1,Call Dropped,,,Not Available
411,VI,Indoor,4G,1,Call Dropped,,,Not Available
412,Airtel,Indoor,4G,4,Satisfactory,13.936897,75.5483356,Karnataka
413,Airtel,Indoor,Unknown,4,Satisfactory,13.93672866,75.54823426,Karnataka
414,VI,Indoor,4G,5,Satisfactory,23.16386685,77.44577318,Madhya Pradesh
415,VI,Indoor,4G,5,Satisfactory,23.16386685,77.44577318,Madhya Pradesh
416,VI,Indoor,4G,5,Satisfactory,23.16386685,77.44577318,Madhya Pradesh
417,VI,Indoor,4G,5,Satisfactory,23.16386685,77.44577318,Madhya Pradesh
418,VI,Indoor,4G,5,Satisfactory,23.16360567,77.44581115,Madhya Pradesh
419,VI,Indoor,4G,5,Satisfactory,23.16376668,77.44610134,Madhya Pradesh
420,VI,Indoor,4G,5,Satisfactory,23.1637883,77.4461212,Madhya Pradesh
421,VI,Indoor,4G,5,Satisfactory,23.1638058,77.4461145,Madhya Pradesh
422,VI,Indoor,4G,5,Satisfactory,23.1673365,77.4449185,Madhya Pradesh
423,VI,Indoor,4G,5,Satisfactory,23.1635691,77.4459492,Madhya Pradesh
424,VI,Indoor,4G,5,Satisfactory,23.1673365,77.4449185,Madhya Pradesh
425,VI,Indoor,4G,5,Satisfactory,23.1673365,77.4449185,Madhya Pradesh
426,VI,Indoor,4G,5,Satisfactory,23.1639902,77.4445724,Madhya Pradesh
427,VI,Indoor,4G,5,Satisfactory,23.1639902,77.4445724,Madhya Pradesh
428,VI,Indoor,4G,5,Satisfactory,23.16376538,77.44605197,Madhya Pradesh
429,Airtel,Indoor,Unknown,4,Satisfactory,13.93672866,75.54823426,Karnataka
430,VI,Outdoor,2G,5,Satisfactory,,,Not Available
431,VI,Indoor,4G,5,Satisfactory,,,Not Available
432,VI,Outdoor,4G,5,Satisfactory,,,Not Available
433,VI,Indoor,4G,5,Satisfactory,,,Not Available
434,VI,Indoor,4G,5,Satisfactory,,,Not Available
435,VI,Outdoor,4G,5,Satisfactory,,,Not Available
436,VI,Indoor,4G,5,Satisfactory,,,Not Available
437,VI,Indoor,4G,5,Satisfactory,,,Not Available
438,VI,Indoor,4G,5,Satisfactory,,,Not Available
439,VI,Indoor,4G,5,Satisfactory,,,Not Available
440,VI,Indoor,4G,5,Satisfactory,,,Not Available
441,VI,Indoor,2G,5,Satisfactory,,,Not Available
442,VI,Travelling,4G,5,Satisfactory,,,Not Available
443,VI,Outdoor,4G,5,Satisfactory,,,Not Available
444,VI,Outdoor,4G,5,Satisfactory,,,Not Available
445,RJio,Indoor,4G,5,Satisfactory,,,Not Available
446,VI,Indoor,4G,4,Satisfactory,21.12307011,79.06782401,Maharashtra
447,Airtel,Indoor,Unknown,1,Poor Voice Quality,21.13721761,72.77741968,Gujarat
448,VI,Indoor,Unknown,4,Satisfactory,21.12307011,79.06782401,Maharashtra
449,BSNL,Outdoor,3G,1,Call Dropped,12.9254094,77.6187812,Karnataka
450,BSNL,Outdoor,2G,1,Poor Voice Quality,,,Not Available
451,BSNL,Outdoor,3G,1,Call Dropped,,,Not Available
452,BSNL,Outdoor,3G,1,Call Dropped,,,Not Available
453,BSNL,Outdoor,3G,1,Poor Voice Quality,,,Not Available
454,Airtel,Indoor,4G,1,Poor Voice Quality,18.44208851,73.84835771,Maharashtra
455,RJio,Outdoor,4G,3,Satisfactory,,,Not Available
456,RJio,Indoor,4G,1,Call Dropped,,,Not Available
457,RJio,Indoor,4G,1,Call Dropped,,,Not Available
458,RJio,Indoor,4G,3,Satisfactory,,,Not Available
459,RJio,Indoor,4G,3,Satisfactory,,,Not Available
460,Airtel,Indoor,4G,1,Poor Voice Quality,18.44208851,73.84835771,Maharashtra
461,RJio,Indoor,4G,3,Satisfactory,,,Not Available
462,VI,Indoor,4G,5,Satisfactory,21.12307011,79.06782401,Maharashtra
463,RJio,Indoor,4G,5,Satisfactory,,,Not Available
464,VI,Outdoor,Unknown,4,Satisfactory,18.5197824,73.8561542,Maharashtra
465,VI,Outdoor,4G,4,Satisfactory,18.5198044,73.8561871,Maharashtra
466,VI,Outdoor,Unknown,4,Satisfactory,18.5196043,73.856089,Maharashtra
467,VI,Indoor,4G,4,Satisfactory,18.5197386,73.856179,Maharashtra
468,VI,Indoor,4G,4,Satisfactory,21.12307011,79.06782401,Maharashtra
469,VI,Indoor,Unknown,4,Satisfactory,21.12307011,79.06782401,Maharashtra
470,Airtel,Outdoor,4G,1,Call Dropped,,,Not Available
471,VI,Indoor,3G,4,Satisfactory,21.12307011,79.06782401,Maharashtra
472,RJio,Indoor,Unknown,1,Call Dropped,,,Not Available
473,RJio,Outdoor,Unknown,2,Call Dropped,,,Not Available
474,VI,Indoor,4G,4,Satisfactory,21.12307011,79.06782401,Maharashtra
475,VI,Indoor,3G,4,Satisfactory,21.12307011,79.06782401,Maharashtra
476,VI,Travelling,4G,4,Satisfactory,21.12307011,79.06782401,Maharashtra
477,VI,Indoor,4G,3,Call Dropped,21.12307011,79.06782401,Maharashtra
478,VI,Indoor,3G,4,Satisfactory,21.12307011,79.06782401,Maharashtra
479,VI,Indoor,3G,4,Satisfactory,21.12307011,79.06782401,Maharashtra
480,VI,Indoor,4G,2,Poor Voice Quality,13.0722979,80.1676255,Tamil Nadu
481,VI,Indoor,4G,5,Satisfactory,,,Not Available
482,RJio,Indoor,4G,1,Call Dropped,,,Not Available
483,RJio,Indoor,4G,1,Call Dropped,,,Not Available
484,RJio,Indoor,4G,1,Call Dropped,,,Not Available
485,RJio,Indoor,4G,5,Satisfactory,28.595224,77.0243857,Delhi
486,VI,Indoor,4G,4,Satisfactory,,,Not Available
487,VI,Indoor,4G,4,Satisfactory,,,Not Available
488,VI,Indoor,4G,4,Satisfactory,,,Not Available
489,RJio,Outdoor,4G,4,Satisfactory,,,Not Available
490,Airtel,Indoor,Unknown,4,Satisfactory,13.93622798,75.55987868,Karnataka
491,RJio,Outdoor,4G,3,Satisfactory,,,Not Available
492,RJio,Indoor,4G,5,Satisfactory,,,Not Available
493,RJio,Outdoor,4G,3,Satisfactory,,,Not Available
494,Airtel,Indoor,4G,4,Satisfactory,13.93692411,75.55763086,Karnataka
495,Airtel,Travelling,4G,2,Poor Voice Quality,,,Not Available
496,Airtel,Indoor,4G,1,Poor Voice Quality,,,Not Available
497,Airtel,Indoor,2G,1,Poor Voice Quality,,,Not Available
498,Airtel,Indoor,4G,1,Poor Voice Quality,,,Not Available
499,Airtel,Indoor,Unknown,4,Satisfactory,13.93692411,75.55763086,Karnataka
500,VI,Indoor,4G,4,Satisfactory,,,Not Available
501,VI,Indoor,4G,4,Satisfactory,21.12307011,79.06782401,Maharashtra
502,RJio,Outdoor,4G,3,Satisfactory,,,Not Available
503,VI,Outdoor,4G,3,Poor Voice Quality,,,Not Available
504,RJio,Outdoor,4G,1,Poor Voice Quality,,,Not Available
505,RJio,Outdoor,4G,1,Poor Voice Quality,,,Not Available
506,Airtel,Indoor,4G,5,Satisfactory,,,Not Available
507,Airtel,Indoor,4G,5,Satisfactory,,,Not Available
508,VI,Indoor,Unknown,4,Satisfactory,18.5195593,73.8560637,Maharashtra
509,VI,Indoor,4G,4,Satisfactory,21.12307011,79.06782401,Maharashtra
510,VI,Outdoor,4G,1,Poor Voice Quality,,,Not Available
511,VI,Outdoor,4G,1,Poor Voice Quality,,,Not Available
512,VI,Outdoor,4G,1,Poor Voice Quality,,,Not Available
513,VI,Travelling,4G,1,Poor Voice Quality,,,Not Available
514,VI,Outdoor,4G,1,Poor Voice Quality,,,Not Available
515,VI,Indoor,4G,1,Poor Voice Quality,,,Not Available
516,VI,Indoor,2G,5,Satisfactory,18.478976,74.0267027,Maharashtra
517,VI,Travelling,4G,1,Call Dropped,,,Not Available
518,VI,Indoor,4G,4,Satisfactory,,,Not Available
519,VI,Indoor,4G,4,Satisfactory,21.1230368,79.0678811,Maharashtra
520,RJio,Indoor,Unknown,5,Satisfactory,,,Not Available
521,RJio,Outdoor,Unknown,5,Satisfactory,,,Not Available
522,VI,Outdoor,Unknown,5,Satisfactory,,,Not Available
523,RJio,Outdoor,Unknown,5,Satisfactory,,,Not Available
524,RJio,Outdoor,Unknown,5,Satisfactory,,,Not Available
525,VI,Indoor,4G,4,Satisfactory,21.12527919,79.06397712,Maharashtra
526,RJio,Indoor,Unknown,5,Satisfactory,24.21887969,88.55119969,West Bengal
527,RJio,Outdoor,4G,3,Satisfactory,,,Not Available
528,RJio,Indoor,4G,3,Satisfactory,,,Not Available
529,MTNL,Travelling,2G,5,Satisfactory,19.0403409,72.9185815,Maharashtra
530,VI,Indoor,4G,4,Satisfactory,21.12527919,79.06397712,Maharashtra
531,MTNL,Indoor,2G,2,Poor Voice Quality,19.0403409,72.9185815,Maharashtra
532,VI,Indoor,4G,1,Poor Voice Quality,,,Not Available
533,VI,Indoor,4G,1,Poor Voice Quality,,,Not Available
534,Airtel,Indoor,Unknown,1,Poor Voice Quality,,,Not Available
535,Airtel,Indoor,Unknown,1,Poor Voice Quality,,,Not Available
536,Airtel,Outdoor,Unknown,2,Poor Voice Quality,,,Not Available
537,Airtel,Indoor,Unknown,2,Poor Voice Quality,,,Not Available
538,VI,Indoor,4G,1,Poor Voice Quality,,,Not Available
539,VI,Indoor,4G,2,Poor Voice Quality,,,Not Available
540,RJio,Indoor,4G,3,Satisfactory,22.0959084,74.0547976,Gujarat
541,VI,Travelling,4G,4,Satisfactory,21.12527919,79.06397712,Maharashtra
542,VI,Indoor,4G,4,Satisfactory,21.12527919,79.06397712,Maharashtra
543,VI,Outdoor,3G,1,Call Dropped,,,Not Available
544,VI,Outdoor,3G,1,Poor Voice Quality,,,Not Available
545,VI,Indoor,4G,4,Satisfactory,21.12527919,79.06397712,Maharashtra
546,BSNL,Travelling,3G,5,Satisfactory,,,Not Available
547,VI,Indoor,4G,4,Satisfactory,21.12527919,79.06397712,Maharashtra
548,VI,Outdoor,3G,1,Call Dropped,,,Not Available
549,VI,Indoor,4G,4,Satisfactory,21.12527919,79.06397712,Maharashtra
550,VI,Indoor,4G,1,Poor Voice Quality,,,Not Available
551,Airtel,Outdoor,4G,4,Satisfactory,,,Not Available
552,Airtel,Outdoor,4G,4,Satisfactory,,,Not Available
553,VI,Indoor,4G,4,Satisfactory,21.12309009,79.06796676,Maharashtra
554,VI,Indoor,4G,4,Satisfactory,21.12309009,79.06796676,Maharashtra
555,VI,Indoor,4G,4,Satisfactory,21.12309009,79.06796676,Maharashtra
556,VI,Indoor,4G,4,Satisfactory,21.12309009,79.06796676,Maharashtra
557,BSNL,Indoor,3G,1,Poor Voice Quality,,,Not Available
558,Airtel,Outdoor,4G,1,Call Dropped,,,Not Available
559,Airtel,Indoor,Unknown,4,Satisfactory,13.93687518,75.54814795,Karnataka
560,RJio,Outdoor,4G,3,Satisfactory,,,Not Available
561,RJio,Outdoor,4G,3,Satisfactory,,,Not Available
562,RJio,Indoor,4G,5,Satisfactory,,,Not Available
563,RJio,Outdoor,4G,3,Satisfactory,,,Not Available
564,RJio,Outdoor,4G,3,Satisfactory,,,Not Available
565,RJio,Outdoor,4G,4,Satisfactory,,,Not Available
566,BSNL,Indoor,3G,4,Satisfactory,22.6554639,88.3595466,West Bengal
567,Airtel,Indoor,4G,2,Poor Voice Quality,,,Not Available
568,VI,Outdoor,Unknown,4,Satisfactory,18.5102219,73.8462812,Maharashtra
569,VI,Outdoor,4G,4,Satisfactory,18.519775,73.8561912,Maharashtra
570,VI,Outdoor,4G,4,Satisfactory,18.519683,73.8561998,Maharashtra
571,VI,Outdoor,Unknown,4,Satisfactory,18.5192317,73.8565143,Maharashtra
572,VI,Outdoor,Unknown,4,Satisfactory,18.5192317,73.8565143,Maharashtra
573,Airtel,Indoor,4G,4,Satisfactory,13.9368119,75.5480614,Karnataka
574,VI,Indoor,4G,3,Satisfactory,,,Not Available
575,Airtel,Indoor,4G,1,Poor Voice Quality,,,Not Available
576,Airtel,Indoor,Unknown,2,Poor Voice Quality,,,Not Available
577,RJio,Outdoor,4G,3,Poor Voice Quality,,,Not Available
578,MTNL,Travelling,2G,1,Call Dropped,19.0403373,72.9185964,Maharashtra
579,VI,Indoor,4G,4,Satisfactory,21.12313353,79.06812764,Maharashtra
580,VI,Indoor,4G,4,Satisfactory,21.12313353,79.06812764,Maharashtra
581,RJio,Indoor,4G,3,Poor Voice Quality,,,Not Available
582,Airtel,Travelling,4G,2,Poor Voice Quality,12.02520763,76.97190113,Karnataka
583,RJio,Indoor,4G,5,Satisfactory,24.21895626,88.55123975,West Bengal
584,VI,Indoor,4G,5,Satisfactory,23.3511731,85.31841214,Jharkhand
585,BSNL,Indoor,3G,5,Satisfactory,,,Not Available
586,BSNL,Outdoor,Unknown,1,Poor Voice Quality,,,Not Available
587,BSNL,Indoor,3G,5,Satisfactory,,,Not Available
588,BSNL,Outdoor,Unknown,1,Poor Voice Quality,,,Not Available
589,BSNL,Outdoor,3G,1,Poor Voice Quality,,,Not Available
590,Airtel,Indoor,Unknown,4,Satisfactory,10.30306517,76.22305423,Kerala
591,RJio,Indoor,4G,5,Satisfactory,,,Not Available
592,VI,Indoor,4G,4,Satisfactory,21.14518708,79.08751799,Maharashtra
593,RJio,Indoor,4G,3,Satisfactory,,,Not Available
594,RJio,Indoor,4G,3,Satisfactory,,,Not Available
595,RJio,Indoor,4G,3,Satisfactory,,,Not Available
596,VI,Outdoor,4G,4,Satisfactory,18.5197451,73.8561959,Maharashtra
597,VI,Indoor,4G,4,Satisfactory,18.5197365,73.8561754,Maharashtra
598,VI,Indoor,4G,4,Satisfactory,21.14518708,79.08751799,Maharashtra
599,VI,Travelling,4G,4,Satisfactory,21.14518708,79.08751799,Maharashtra
600,VI,Indoor,4G,5,Satisfactory,23.1638754,77.44606043,Madhya Pradesh
601,VI,Indoor,4G,5,Satisfactory,23.1638754,77.44606043,Madhya Pradesh
602,VI,Indoor,4G,5,Satisfactory,23.1638754,77.44606043,Madhya Pradesh
603,VI,Indoor,4G,5,Satisfactory,23.1638754,77.44606043,Madhya Pradesh
604,VI,Indoor,4G,5,Satisfactory,23.1638754,77.44606043,Madhya Pradesh
605,VI,Indoor,4G,5,Satisfactory,23.1638754,77.44606043,Madhya Pradesh
606,VI,Indoor,4G,5,Satisfactory,23.1638754,77.44606043,Madhya Pradesh
607,VI,Indoor,4G,5,Satisfactory,23.16373848,77.44601534,Madhya Pradesh
608,VI,Indoor,4G,5,Satisfactory,23.16375629,77.44669494,Madhya Pradesh
609,BSNL,Outdoor,3G,1,Poor Voice Quality,,,Not Available
610,BSNL,Outdoor,3G,1,Call Dropped,,,Not Available
611,BSNL,Outdoor,2G,1,Call Dropped,,,Not Available
612,BSNL,Outdoor,3G,1,Call Dropped,,,Not Available
613,BSNL,Outdoor,3G,1,Call Dropped,,,Not Available
614,BSNL,Outdoor,3G,1,Call Dropped,12.9254111,77.6187885,Karnataka
615,VI,Indoor,4G,5,Satisfactory,23.16383018,77.44592473,Madhya Pradesh
616,VI,Outdoor,3G,1,Call Dropped,,,Not Available
617,VI,Indoor,4G,1,Poor Voice Quality,,,Not Available
618,VI,Indoor,4G,1,Call Dropped,,,Not Available
619,RJio,Indoor,4G,1,Call Dropped,23.6257783,86.1799859,Jharkhand
